{
    "-1": {
        "precision": 0.632334581772784,
        "recall": 0.6062238180730102,
        "f1-score": 0.6190039718912312,
        "support": 1671.0
    },
    "0": {
        "precision": 0.7365853658536585,
        "recall": 0.8755315036722072,
        "f1-score": 0.8000706464146945,
        "support": 2587.0
    },
    "1": {
        "precision": 0.8113348247576435,
        "recall": 0.7017091260883586,
        "f1-score": 0.7525505792841086,
        "support": 3101.0
    },
    "accuracy": 0.7411333061557277,
    "macro avg": {
        "precision": 0.7267515907946954,
        "recall": 0.727821482611192,
        "f1-score": 0.7238750658633447,
        "support": 7359.0
    },
    "weighted avg": {
        "precision": 0.7444118384534841,
        "recall": 0.7411333061557277,
        "f1-score": 0.7389316137607124,
        "support": 7359.0
    }
}